    {
        "status": "tracking",
        "related_details": [
            {
                "scale": 7,
                "color_code": "#C1C1C0",
                "density": 1.5,
                "height": 1151.33337402344,
                "width": 790,
                "score": 0,
                "image_url": "/patient/files/get/87d19254-183a-4130-8d29-78d4a346e510/original-image.png",
                "path": [
                    {
                        "drawer": null,
                        "path": {
                            "color": "red",
                            "width": 7,
                            "data": [
                                "643.33,189.33",
                                "642,190",
                                "633.1,200.69",
                                "614.2,225.28",
                                "583.67,263.67",
                                "542.74,312.7",
                                "501.33,363",
                                "442.82,440.89",
                                "384.08,525.02",
                                "327.82,618.42",
                                "275.6,710.86",
                                "243.17,789.31",
                                "218.38,853.68",
                                "203.59,910.8",
                                "196.67,936.33",
                                "193.33,959.33"
                            ],
                            "id": 34689173
                        },
                        "size": {
                            "width": 790,
                            "height": 1151.3333740234375
                        }
                    },
                    {
                        "drawer": null,
                        "path": {
                            "color": "red",
                            "width": 7,
                            "data": [
                                "176.67,210",
                                "178.2,213.74",
                                "184.43,226.19",
                                "200.25,253.41",
                                "220.36,288.94",
                                "239.74,324.85",
                                "261.01,365.95",
                                "285.82,410.82",
                                "312.9,458.07",
                                "340.59,510.41",
                                "367.89,565.82",
                                "392.33,627.67",
                                "416.14,705.81",
                                "445.82,799.77",
                                "468,868.67",
                                "478.67,896"
                            ],
                            "id": 84815169
                        },
                        "size": {
                            "width": 790,
                            "height": 1151.3333740234375
                        }
                    }
                ],
                "name": "shape1"
            },
            {
                "scale": 7,
                "color_code": "#f8784c",
                "density": 1.5,
                "height": 1151.33337402344,
                "width": 790,
                "score": 3,
                "image_url": "/patient/files/get/6a47db43-14fb-47dd-a268-7efcff1e2562/original-image.png",
                "path": [
                    {
                        "drawer": null,
                        "path": {
                            "color": "red",
                            "width": 7,
                            "data": [
                                "409.33,9.33",
                                "406.75,11.25",
                                "404.13,31.19",
                                "401.23,66.88",
                                "402,118.5",
                                "402,173.92",
                                "400.12,241.83",
                                "397.39,315.22",
                                "393.87,395.17",
                                "390.79,475.52",
                                "387.33,551.99",
                                "381.83,620.34",
                                "375.79,679.05",
                                "371.46,726.98",
                                "367.51,759.87",
                                "363.61,782.05",
                                "362.24,796.07",
                                "361.25,803.89",
                                "360.93,807.21",
                                "359.94,808.73",
                                "359,808.67"
                            ],
                            "id": 38520594
                        },
                        "size": {
                            "width": 790,
                            "height": 1151.3333740234375
                        }
                    },
                    {
                        "drawer": null,
                        "path": {
                            "color": "red",
                            "width": 7,
                            "data": [
                                "38,462.67",
                                "39.33,462.67",
                                "58.33,467.88",
                                "92.09,474.65",
                                "140.6,478.34",
                                "185.71,477.84",
                                "234.83,473.63",
                                "286.81,466.42",
                                "344.71,458.41",
                                "401.65,450.55",
                                "453.86,443.72",
                                "500.3,437.71",
                                "543.65,433.04",
                                "580.82,429.83",
                                "611.03,426.15",
                                "635.09,423.91",
                                "649.49,422.67",
                                "658.8,422.67",
                                "663.67,423.67",
                                "667,426.33"
                            ],
                            "id": 91002507
                        },
                        "size": {
                            "width": 790,
                            "height": 1151.3333740234375
                        }
                    }
                ],
                "name": "shape2"
            },
            {
                "scale": 7,
                "color_code": "#f8784c",
                "density": 1.5,
                "height": 1151.33337402344,
                "width": 790,
                "score": 3,
                "image_url": "/patient/files/get/67f4318f-259d-4cc9-aa3d-587e120d3dc7/original-image.png",
                "path": [
                    {
                        "drawer": null,
                        "path": {
                            "color": "red",
                            "width": 7,
                            "data": [
                                "122.67,463.33",
                                "123.33,463.33",
                                "133.81,469.5",
                                "154.51,480.82",
                                "188.83,498.58",
                                "219.54,516.27",
                                "256.25,541.76",
                                "293.57,570.79",
                                "335.02,602.14",
                                "379.03,633.67",
                                "425.17,663.41",
                                "471.5,688.98",
                                "518.52,709.62",
                                "563.24,725.08",
                                "603.33,736.28",
                                "640.95,745.52",
                                "676.12,751.51",
                                "695.33,754.33",
                                "717.33,756.67"
                            ],